environment,episodes,with_duration,no_duration,total_minutes,total_hours,share_pct
factory_001,1655,1655,0,4952.20,82.5366,7.574
loom_weaving_floor_bengaluru_7647,550,550,0,1634.88,27.2480,2.501
granite_stone_manufacturing_facility_0004,443,443,0,1320.00,22.0000,2.019
granite_stone_fabrication_workshop_0003,440,440,0,1311.61,21.8602,2.006
granite_stone_processing_yard_0001,440,440,0,1306.39,21.7732,1.998
granite_machine_operation_station_0002,444,444,0,1306.09,21.7682,1.998
loom_weaving_floor_bengaluru_4016,416,416,0,1237.93,20.6322,1.893
semiconductor_cleanroom_bengaluru_7004,329,329,0,982.24,16.3706,1.502
diamond_workshop_ahemdabad_2929,264,264,0,787.06,13.1176,1.204
diamond_workshop_ahemdabad_7537,250,250,0,742.74,12.3790,1.136
diamond_workshop_ahemdabad_9253,244,244,0,724.87,12.0812,1.109
diamond_workshop_ahemdabad_9757,192,192,0,573.92,9.5654,0.878
paper_mill_floor_bengaluru_7437,180,180,0,535.76,8.9294,0.819
paper_mill_floor_bengaluru_2924,169,169,0,502.31,8.3719,0.768
paper_mill_floor_bengaluru_1757,167,167,0,494.47,8.2411,0.756
semiconductor_cleanroom_bengaluru_8142,165,165,0,493.52,8.2253,0.755
semiconductor_cleanroom_bengaluru_5293,164,164,0,490.52,8.1753,0.750
semiconductor_cleanroom_bengaluru_4888,163,163,0,488.72,8.1453,0.747
semiconductor_cleanroom_bengaluru_9759,163,163,0,487.69,8.1281,0.746
semiconductor_cleanroom_bengaluru_8379,163,163,0,487.35,8.1225,0.745
semiconductor_cleanroom_bengaluru_7275,162,162,0,484.90,8.0817,0.742
semiconductor_cleanroom_bengaluru_9780,161,161,0,481.12,8.0186,0.736
paper_mill_floor_bengaluru_8435,161,161,0,481.06,8.0177,0.736
paper_mill_floor_bengaluru_9696,161,161,0,479.71,7.9952,0.734
semiconductor_cleanroom_bengaluru_8455,155,155,0,462.20,7.7033,0.707
semiconductor_cleanroom_bengaluru_4860,154,154,0,459.05,7.6508,0.702
semiconductor_cleanroom_bengaluru_7294,151,151,0,450.88,7.5147,0.690
furniture_workshop_ahemdabad_9975,151,151,0,450.58,7.5097,0.689
semiconductor_cleanroom_bengaluru_5401,151,151,0,448.17,7.4695,0.685
semiconductor_cleanroom_bengaluru_2021,149,149,0,442.52,7.3753,0.677
semiconductor_cleanroom_bengaluru_9942,147,147,0,438.88,7.3147,0.671
semiconductor_cleanroom_bengaluru_4867,147,147,0,438.35,7.3058,0.670
semiconductor_cleanroom_bengaluru_1369,146,146,0,438.00,7.3000,0.670
semiconductor_cleanroom_bengaluru_4043,146,146,0,436.88,7.2814,0.668
semiconductor_cleanroom_bengaluru_2269,146,146,0,435.79,7.2631,0.667
semiconductor_cleanroom_bengaluru_7648,145,145,0,434.21,7.2369,0.664
semiconductor_cleanroom_bengaluru_9855,145,145,0,432.05,7.2008,0.661
semiconductor_cleanroom_bengaluru_9062,144,144,0,431.68,7.1947,0.660
semiconductor_cleanroom_bengaluru_5775,144,144,0,429.65,7.1608,0.657
semiconductor_cleanroom_bengaluru_5891,143,143,0,428.12,7.1353,0.655
semiconductor_cleanroom_bengaluru_1264,143,143,0,427.45,7.1242,0.654
semiconductor_cleanroom_bengaluru_5760,143,143,0,427.18,7.1197,0.653
semiconductor_cleanroom_bengaluru_1778,140,140,0,416.25,6.9375,0.637
semiconductor_cleanroom_bengaluru_6708,134,134,0,400.09,6.6681,0.612
furniture_workshop_ahemdabad_2784,134,134,0,399.92,6.6653,0.612
diamond_workshop_ahemdabad_1598,132,132,0,394.37,6.5728,0.603
diamond_workshop_ahemdabad_1412,132,132,0,393.23,6.5538,0.601
paper_mill_floor_bengaluru_6392,132,132,0,391.68,6.5280,0.599
diamond_workshop_ahemdabad_1669,127,127,0,380.10,6.3350,0.581
semiconductor_cleanroom_bengaluru_5551,126,126,0,376.52,6.2753,0.576
semiconductor_cleanroom_bengaluru_1664,122,122,0,365.72,6.0953,0.559
semiconductor_cleanroom_bengaluru_6367,122,122,0,365.72,6.0953,0.559
diamond_workshop_ahemdabad_8194,122,122,0,362.57,6.0428,0.555
semiconductor_cleanroom_bengaluru_5837,120,120,0,358.90,5.9817,0.549
semiconductor_cleanroom_bengaluru_1892,120,120,0,358.90,5.9817,0.549
furniture_workshop_ahemdabad_6689,119,119,0,356.48,5.9414,0.545
semiconductor_cleanroom_bengaluru_6067,117,117,0,351.00,5.8500,0.537
diamond_workshop_ahemdabad_3623,116,116,0,345.50,5.7584,0.528
semiconductor_cleanroom_bengaluru_6431,116,116,0,345.20,5.7533,0.528
semiconductor_cleanroom_bengaluru_1875,116,116,0,345.20,5.7533,0.528
furniture_workshop_ahemdabad_9883,114,114,0,341.55,5.6925,0.522
semiconductor_cleanroom_bengaluru_9219,112,112,0,336.00,5.6000,0.514
semiconductor_cleanroom_bengaluru_2285,111,111,0,333.00,5.5500,0.509
paper_mill_floor_bengaluru_2249,112,112,0,330.17,5.5028,0.505
semiconductor_cleanroom_bengaluru_6583,110,110,0,330.00,5.5000,0.505
furniture_workshop_ahemdabad_1961,113,113,0,329.60,5.4933,0.504
electronics_assembly_line_bengaluru_5870,110,110,0,329.35,5.4892,0.504
diamond_workshop_ahemdabad_9002,106,106,0,317.17,5.2862,0.485
semiconductor_cleanroom_bengaluru_1478,106,106,0,315.05,5.2508,0.482
semiconductor_cleanroom_bengaluru_8499,104,104,0,312.00,5.2000,0.477
semiconductor_cleanroom_bengaluru_6220,103,103,0,309.00,5.1500,0.473
semiconductor_cleanroom_bengaluru_8385,102,102,0,306.00,5.1000,0.468
furniture_workshop_ahemdabad_4459,102,102,0,304.39,5.0731,0.466
electronics_assembly_line_bengaluru_4784,100,100,0,299.68,4.9947,0.458
semiconductor_cleanroom_bengaluru_3659,97,97,0,291.00,4.8500,0.445
semiconductor_cleanroom_bengaluru_7665,97,97,0,291.00,4.8500,0.445
semiconductor_cleanroom_bengaluru_1629,97,97,0,288.88,4.8147,0.442
semiconductor_cleanroom_bengaluru_5236,97,97,0,288.88,4.8147,0.442
diamond_workshop_ahemdabad_8724,98,98,0,288.34,4.8056,0.441
semiconductor_cleanroom_bengaluru_4820,96,96,0,288.00,4.8000,0.440
semiconductor_cleanroom_bengaluru_1150,96,96,0,288.00,4.8000,0.440
semiconductor_cleanroom_bengaluru_3144,96,96,0,288.00,4.8000,0.440
semiconductor_cleanroom_bengaluru_4025,96,96,0,286.35,4.7725,0.438
semiconductor_cleanroom_bengaluru_1769,96,96,0,286.35,4.7725,0.438
electronics_assembly_line_bengaluru_9605,95,95,0,284.32,4.7386,0.435
electronics_assembly_line_bengaluru_2501,94,94,0,280.28,4.6714,0.429
electronics_assembly_line_bengaluru_2783,92,92,0,275.18,4.5864,0.421
electronics_assembly_line_bengaluru_9598,90,90,0,269.38,4.4897,0.412
furniture_workshop_ahemdabad_9943,88,88,0,262.95,4.3825,0.402
semiconductor_cleanroom_bengaluru_6738,86,86,0,258.00,4.3000,0.395
metal_factory_karnataka_0001_l1_b01,85,85,0,255.00,4.2500,0.390
metal_factory_karnataka_0001_l1_b02,85,85,0,255.00,4.2500,0.390
metal_factory_karnataka_0001_l1_b03,85,85,0,255.00,4.2500,0.390
metal_factory_karnataka_0001_l1_b07,85,85,0,255.00,4.2500,0.390
metal_factory_karnataka_0001_l2_b02,85,85,0,255.00,4.2500,0.390
metal_factory_karnataka_0001_l2_b03,85,85,0,255.00,4.2500,0.390
metal_factory_karnataka_0001_l2_b04,85,85,0,255.00,4.2500,0.390
metal_factory_karnataka_0001_l2_b05,85,85,0,255.00,4.2500,0.390
metal_factory_karnataka_0001_l2_b06,85,85,0,255.00,4.2500,0.390
metal_factory_karnataka_0001_l2_b07,85,85,0,255.00,4.2500,0.390
metal_factory_karnataka_0001_l2_b08,85,85,0,255.00,4.2500,0.390
metal_factory_karnataka_0001_l3_b03,85,85,0,255.00,4.2500,0.390
metal_factory_karnataka_0001_l3_b04,85,85,0,255.00,4.2500,0.390
metal_factory_karnataka_0001_l3_b05,85,85,0,255.00,4.2500,0.390
metal_factory_karnataka_0001_l3_b06,85,85,0,255.00,4.2500,0.390
metal_factory_karnataka_0001_l3_b07,85,85,0,255.00,4.2500,0.390
metal_factory_karnataka_0001_l3_b08,85,85,0,255.00,4.2500,0.390
metal_factory_karnataka_0001_l4_b03,85,85,0,255.00,4.2500,0.390
metal_factory_karnataka_0001_l4_b06,85,85,0,255.00,4.2500,0.390
metal_factory_karnataka_0001_l4_b07,85,85,0,255.00,4.2500,0.390
metal_factory_karnataka_0001_l1_b04,85,85,0,254.95,4.2492,0.390
metal_factory_karnataka_0001_l1_b06,85,85,0,254.78,4.2464,0.390
metal_factory_karnataka_0001_l4_b04,85,85,0,253.48,4.2247,0.388
metal_factory_karnataka_0001_l4_b02,85,85,0,253.28,4.2214,0.387
metal_factory_karnataka_0001_l2_b01,85,85,0,253.25,4.2208,0.387
metal_factory_karnataka_0001_l4_b05,85,85,0,253.18,4.2197,0.387
metal_factory_karnataka_0001_l4_b01,85,85,0,252.55,4.2092,0.386
metal_factory_karnataka_0001_l1_b08,85,85,0,252.50,4.2084,0.386
metal_factory_karnataka_0001_l3_b02,85,85,0,252.38,4.2064,0.386
metal_factory_karnataka_0001_l1_b05,85,85,0,252.28,4.2047,0.386
semiconductor_cleanroom_bengaluru_5843,84,84,0,252.00,4.2000,0.385
metal_factory_karnataka_0001_l3_b01,85,85,0,251.30,4.1883,0.384
metal_factory_karnataka_0001_l4_b08,85,85,0,250.27,4.1711,0.383
metal_factory_karnataka_0001_l5_b01,83,83,0,248.65,4.1442,0.380
electronics_assembly_line_bengaluru_4592,82,82,0,244.18,4.0697,0.373
metal_factory_karnataka_0001_l5_b02,80,80,0,240.00,4.0000,0.367
metal_factory_karnataka_0001_l5_b03,80,80,0,240.00,4.0000,0.367
metal_factory_karnataka_0001_l5_b07,80,80,0,240.00,4.0000,0.367
metal_factory_karnataka_0001_l5_b08,80,80,0,240.00,4.0000,0.367
metal_factory_karnataka_0001_l6_b01,80,80,0,240.00,4.0000,0.367
metal_factory_karnataka_0001_l6_b03,80,80,0,240.00,4.0000,0.367
metal_factory_karnataka_0001_l6_b04,80,80,0,240.00,4.0000,0.367
metal_factory_karnataka_0001_l6_b07,80,80,0,240.00,4.0000,0.367
metal_factory_karnataka_0001_l6_b08,80,80,0,240.00,4.0000,0.367
loom_weaving_floor_bengaluru_8705_l1_b02,80,80,0,240.00,4.0000,0.367
electronics_assembly_line_bengaluru_2593,80,80,0,239.59,3.9931,0.366
metal_factory_karnataka_0001_l5_b06,80,80,0,239.48,3.9914,0.366
metal_factory_karnataka_0001_l6_b06,80,80,0,239.38,3.9897,0.366
metal_factory_karnataka_0001_l6_b02,80,80,0,239.15,3.9858,0.366
loom_weaving_floor_bengaluru_8705_l1_b03,80,80,0,239.03,3.9838,0.366
metal_factory_karnataka_0001_l6_b05,80,80,0,238.99,3.9831,0.366
metal_factory_karnataka_0001_l5_b04,80,80,0,238.76,3.9794,0.365
metal_factory_karnataka_0001_l5_b05,80,80,0,237.62,3.9603,0.363
loom_weaving_floor_bengaluru_8705_l1_b01,79,79,0,232.07,3.8678,0.355
semiconductor_cleanroom_bengaluru_5154,77,77,0,231.00,3.8500,0.353
furniture_workshop_ahemdabad_6498,75,75,0,225.00,3.7500,0.344
electronics_assembly_line_bengaluru_4056,71,71,0,211.95,3.5325,0.324
loom_weaving_floor_bengaluru_8705_l1_b04,70,70,0,210.00,3.5000,0.321
loom_weaving_floor_bengaluru_2793_l1_b01,70,70,0,210.00,3.5000,0.321
loom_weaving_floor_bengaluru_2793_l1_b02,70,70,0,210.00,3.5000,0.321
loom_weaving_floor_bengaluru_8705_l2_b02,70,70,0,209.50,3.4916,0.320
electronics_assembly_line_bengaluru_8331,70,70,0,207.45,3.4575,0.317
loom_weaving_floor_bengaluru_8705_l2_b01,69,69,0,207.00,3.4500,0.317
loom_weaving_floor_bengaluru_8705_l2_b04,70,70,0,205.16,3.4194,0.314
loom_weaving_floor_bengaluru_8705_l2_b03,68,68,0,204.00,3.4000,0.312
loom_weaving_floor_bengaluru_9314_l1_b01,68,68,0,201.37,3.3562,0.308
loom_weaving_floor_bengaluru_2793_l2_b01,66,66,0,195.64,3.2606,0.299
loom_weaving_floor_bengaluru_2793_l1_b03,70,70,0,191.06,3.1844,0.292
semiconductor_cleanroom_bengaluru_6163,63,63,0,189.00,3.1500,0.289
loom_weaving_floor_bengaluru_2793_l2_b03,60,60,0,180.00,3.0000,0.275
loom_weaving_floor_bengaluru_9314_l1_b02,60,60,0,180.00,3.0000,0.275
loom_weaving_floor_bengaluru_9314_l1_b03,60,60,0,180.00,3.0000,0.275
loom_weaving_floor_bengaluru_9314_l2_b02,60,60,0,180.00,3.0000,0.275
loom_weaving_floor_bengaluru_9314_l2_b03,60,60,0,180.00,3.0000,0.275
loom_weaving_floor_bengaluru_9314_l2_b01,60,60,0,178.10,2.9684,0.272
loom_weaving_floor_bengaluru_2793_l2_b02,60,60,0,176.70,2.9450,0.270
semiconductor_cleanroom_bengaluru_2275,55,55,0,162.62,2.7103,0.249
semiconductor_cleanroom_bengaluru_2512,49,49,0,144.35,2.4058,0.221
electronics_assembly_line_bengaluru_8525,44,44,0,125.62,2.0936,0.192
furniture_workshop_ahemdabad_3244,37,37,0,108.92,1.8153,0.167
furniture_workshop_ahemdabad_9167,37,37,0,108.05,1.8008,0.165
furniture_workshop_ahemdabad_8986,33,33,0,96.17,1.6028,0.147
semiconductor_cleanroom_bengaluru_1573,32,32,0,95.21,1.5869,0.146
furniture_workshop_ahemdabad_2351,26,26,0,76.18,1.2697,0.117
electronics_assembly_line_bengaluru_9098,19,19,0,56.05,0.9342,0.086
semiconductor_cleanroom_bengaluru_7185,18,18,0,54.00,0.9000,0.083
semiconductor_cleanroom_bengaluru_7397,13,13,0,36.35,0.6058,0.056
semiconductor_cleanroom_bengaluru_1818,13,13,0,36.35,0.6058,0.056
electronics_assembly_line_bengaluru_8561,9,9,0,26.25,0.4375,0.040
semiconductor_cleanroom_bengaluru_6253,8,8,0,24.00,0.4000,0.037
electronics_assembly_line_bengaluru_4802,8,8,0,21.23,0.3539,0.032
electronics_assembly_line_bengaluru_2255,3,3,0,8.42,0.1403,0.013
semiconductor_cleanroom_bengaluru_2207,2,2,0,0.64,0.0106,0.001
semiconductor_cleanroom_bengaluru_3000,2,2,0,0.64,0.0106,0.001
semiconductor_cleanroom_bengaluru_8666,2,2,0,0.64,0.0106,0.001
(none),40,0,40,0.00,0.0000,0.000
